Workbook
Name table: 'wip-include_channels_wip'!$B$1:$J$6113

Sheet wip-include_channels_wip
A1: File | B1: ChannelID | C1: Keep | D1: DisplayName | E1: ProgrammeCount | F1: Excluded | G1: Duplicate | H1: HD | I1: Network | J1: FirstWord
B2: 10.au | C2: Y | D2: 1 | E2: 0 | F2: FALSE | G2: =IF(COUNTIF($B:$B,B2)=1,"Unique","Duplicate") -> Unique | H2: =IF(ISNUMBER(SEARCH("HD",D2)), IF(COUNTIF($D:$D,SUBSTITUTE(D2," HD",""))>0,"Has non-HD match","HD only"), IF(COUNTIF($D:$D,D2&" HD")>0,"Has HD match","Non-HD only") ) -> Non-HD only | I2: =IFERROR(LOOKUP(2,1/(ISNUMBER(SEARCH(Sheet1!$A$2:$A$100,B2))),Sheet1!$A$2:$A$100),"") -> 0 | J2: =LEFT(B2,FIND(" ",B2&" ")-1) -> 10.au
B3: 11.au | C3: Y | D3: 1 | E3: 0 | F3: FALSE | G3: =IF(COUNTIF($B:$B,B3)=1,"Unique","Duplicate") -> Unique | H3: =IF(ISNUMBER(SEARCH("HD",D3)), IF(COUNTIF($D:$D,SUBSTITUTE(D3," HD",""))>0,"Has non-HD match","HD only"), IF(COUNTIF($D:$D,D3&" HD")>0,"Has HD match","Non-HD only") ) -> Non-HD only | I3: =IFERROR(LOOKUP(2,1/(ISNUMBER(SEARCH(Sheet1!$A$2:$A$100,B3))),Sheet1!$A$2:$A$100),"") -> 0 | J3: =LEFT(B3,FIND(" ",B3&" ")-1) -> 11.au
B4: 7.au | C4: Y | D4: 7 | E4: 0 | F4: FALSE | G4: =IF(COUNTIF($B:$B,B4)=1,"Unique","Duplicate") -> Unique | H4: =IF(ISNUMBER(SEARCH("HD",D4)), IF(COUNTIF($D:$D,SUBSTITUTE(D4," HD",""))>0,"Has non-HD match","HD only"), IF(COUNTIF($D:$D,D4&" HD")>0,"Has HD match","Non-HD only") ) -> Non-HD only | I4: =IFERROR(LOOKUP(2,1/(ISNUMBER(SEARCH(Sheet1!$A$2:$A$100,B4))),Sheet1!$A$2:$A$100),"") -> 0 | J4: =LEFT(B4,FIND(" ",B4&" ")-1) -> 7.au
B5: 9.au | C5: Y | D5: 9 | E5: 0 | F5: FALSE | G5: =IF(COUNTIF($B:$B,B5)=1,"Unique","Duplicate") -> Unique | H5: =IF(ISNUMBER(SEARCH("HD",D5)), IF(COUNTIF($D:$D,SUBSTITUTE(D5," HD",""))>0,"Has non-HD match","HD only"), IF(COUNTIF($D:$D,D5&" HD")>0,"Has HD match","Non-HD only") ) -> Non-HD only | I5: =IFERROR(LOOKUP(2,1/(ISNUMBER(SEARCH(Sheet1!$A$2:$A$100,B5))),Sheet1!$A$2:$A$100),"") -> 0 | J5: =LEFT(B5,FIND(" ",B5&" ")-1) -> 9.au
B6: Adult Swim - East.ca | C6: Y | D6: A | E6: 197 | F6: TRUE | G6: =IF(COUNTIF($B:$B,B6)=1,"Unique","Duplicate") -> Unique | H6: =IF(ISNUMBER(SEARCH("HD",D6)), IF(COUNTIF($D:$D,SUBSTITUTE(D6," HD",""))>0,"Has non-HD match","HD only"), IF(COUNTIF($D:$D,D6&" HD")>0,"Has HD match","Non-HD only") ) -> Non-HD only | I6: =IFERROR(LOOKUP(2,1/(ISNUMBER(SEARCH(Sheet1!$A$2:$A$100,B6))),Sheet1!$A$2:$A$100),"") -> 0 | J6: =LEFT(B6,FIND(" ",B6&" ")-1) -> Adult
B7: Adult Swim.ca | C7: Y | D7: A | E7: 105 | F7: FALSE | G7: =IF(COUNTIF($B:$B,B7)=1,"Unique","Duplicate") -> Unique | H7: =IF(ISNUMBER(SEARCH("HD",D7)), IF(COUNTIF($D:$D,SUBSTITUTE(D7," HD",""))>0,"Has non-HD match","HD only"), IF(COUNTIF($D:$D,D7&" HD")>0,"Has HD match","Non-HD only") ) -> Non-HD only | I7: =IFERROR(LOOKUP(2,1/(ISNUMBER(SEARCH(Sheet1!$A$2:$A$100,B7))),Sheet1!$A$2:$A$100),"") -> 0 | J7: =LEFT(B7,FIND(" ",B7&" ")-1) -> Adult
B8: Adult Swim.us | C8: Y | D8: A | E8: 185 | F8: FALSE | G8: =IF(COUNTIF($B:$B,B8)=1,"Unique","Duplicate") -> Unique | H8: =IF(ISNUMBER(SEARCH("HD",D8)), IF(COUNTIF($D:$D,SUBSTITUTE(D8," HD",""))>0,"Has non-HD match","HD only"), IF(COUNTIF($D:$D,D8&" HD")>0,"Has HD match","Non-HD only") ) -> Non-HD only | I8: =IFERROR(LOOKUP(2,1/(ISNUMBER(SEARCH(Sheet1!$A$2:$A$100,B8))),Sheet1!$A$2:$A$100),"") -> 0 | J8: =LEFT(B8,FIND(" ",B8&" ")-1) -> Adult
B9: Animal Planet (East).us | C9: Y | D9: A | E9: 53 | F9: FALSE | G9: =IF(COUNTIF($B:$B,B9)=1,"Unique","Duplicate") -> Unique | H9: =IF(ISNUMBER(SEARCH("HD",D9)), IF(COUNTIF($D:$D,SUBSTITUTE(D9," HD",""))>0,"Has non-HD match","HD only"), IF(COUNTIF($D:$D,D9&" HD")>0,"Has HD match","Non-HD only") ) -> Non-HD only | I9: =IFERROR(LOOKUP(2,1/(ISNUMBER(SEARCH(Sheet1!$A$2:$A$100,B9))),Sheet1!$A$2:$A$100),"") -> Animal | J9: =LEFT(B9,FIND(" ",B9&" ")-1) -> Animal
A10: open-epg-au.xml | B10: Animal Planet / ANI.au | C10: Y | D10: A | E10: 60 | F10: FALSE | G10: =IF(COUNTIF($B:$B,B10)=1,"Unique","Duplicate") -> Unique | H10: =IF(ISNUMBER(SEARCH("HD",D10)), IF(COUNTIF($D:$D,SUBSTITUTE(D10," HD",""))>0,"Has non-HD match","HD only"), IF(COUNTIF($D:$D,D10&" HD")>0,"Has HD match","Non-HD only") ) -> Non-HD only | I10: =IFERROR(LOOKUP(2,1/(ISNUMBER(SEARCH(Sheet1!$A$2:$A$100,B10))),Sheet1!$A$2:$A$100),"") -> Animal | J10: =LEFT(B10,FIND(" ",B10&" ")-1) -> Animal
B11: Animal Planet +1.uk | C11: Y | D11: A | E11: 119 | F11: FALSE | G11: =IF(COUNTIF($B:$B,B11)=1,"Unique","Duplicate") -> Unique | H11: =IF(ISNUMBER(SEARCH("HD",D11)), IF(COUNTIF($D:$D,SUBSTITUTE(D11," HD",""))>0,"Has non-HD match","HD only"), IF(COUNTIF($D:$D,D11&" HD")>0,"Has HD match","Non-HD only") ) -> Non-HD only | I11: =IFERROR(LOOKUP(2,1/(ISNUMBER(SEARCH(Sheet1!$A$2:$A$100,B11))),Sheet1!$A$2:$A$100),"") -> Animal | J11: =LEFT(B11,FIND(" ",B11&" ")-1) -> Animal
B12: Animal Planet ANI.au | C12: Y | D12: A | E12: 59 | F12: FALSE | G12: =IF(COUNTIF($B:$B,B12)=1,"Unique","Duplicate") -> Unique | H12: =IF(ISNUMBER(SEARCH("HD",D12)), IF(COUNTIF($D:$D,SUBSTITUTE(D12," HD",""))>0,"Has non-HD match","HD only"), IF(COUNTIF($D:$D,D12&" HD")>0,"Has HD match","Non-HD only") ) -> Non-HD only | I12: =IFERROR(LOOKUP(2,1/(ISNUMBER(SEARCH(Sheet1!$A$2:$A$100,B12))),Sheet1!$A$2:$A$100),"") -> Animal | J12: =LEFT(B12,FIND(" ",B12&" ")-1) -> Animal
B13: AandE Canada.ca | C13: Y | D13: A | E13: 144 | F13: FALSE | G13: =IF(COUNTIF($B:$B,B13)=1,"Unique","Duplicate") -> Unique | H13: =IF(ISNUMBER(SEARCH("HD",D13)), IF(COUNTIF($D:$D,SUBSTITUTE(D13," HD",""))>0,"Has non-HD match","HD only"), IF(COUNTIF($D:$D,D13&" HD")>0,"Has HD match","Non-HD only") ) -> Non-HD only | I13: =IFERROR(LOOKUP(2,1/(ISNUMBER(SEARCH(Sheet1!$A$2:$A$100,B13))),Sheet1!$A$2:$A$100),"") -> AandE | J13: =LEFT(B13,FIND(" ",B13&" ")-1) -> AandE
B14: AandE Network (East).us | C14: Y | D14: A | E14: 83 | F14: FALSE | G14: =IF(COUNTIF($B:$B,B14)=1,"Unique","Duplicate") -> Unique | H14: =IF(ISNUMBER(SEARCH("HD",D14)), IF(COUNTIF($D:$D,SUBSTITUTE(D14," HD",""))>0,"Has non-HD match","HD only"), IF(COUNTIF($D:$D,D14&" HD")>0,"Has HD match","Non-HD only") ) -> Non-HD only | I14: =IFERROR(LOOKUP(2,1/(ISNUMBER(SEARCH(Sheet1!$A$2:$A$100,B14))),Sheet1!$A$2:$A$100),"") -> AandE | J14: =LEFT(B14,FIND(" ",B14&" ")-1) -> AandE
A15: open-epg-au.xml | B15: AandE Network Canada.ca | C15: Y | D15: A | E15: 81 | F15: FALSE | G15: =IF(COUNTIF($B:$B,B15)=1,"Unique","Duplicate") -> Unique | H15: =IF(ISNUMBER(SEARCH("HD",D15)), IF(COUNTIF($D:$D,SUBSTITUTE(D15," HD",""))>0,"Has non-HD match","HD only"), IF(COUNTIF($D:$D,D15&" HD")>0,"Has HD match","Non-HD only") ) -> Non-HD only | I15: =IFERROR(LOOKUP(2,1/(ISNUMBER(SEARCH(Sheet1!$A$2:$A$100,B15))),Sheet1!$A$2:$A$100),"") -> AandE | J15: =LEFT(B15,FIND(" ",B15&" ")-1) -> AandE
B16: AandE US - Pacific Feed (132).us | C16: Y | D16: A | E16: 109 | F16: FALSE | G16: =IF(COUNTIF($B:$B,B16)=1,"Unique","Duplicate") -> Unique | H16: =IF(ISNUMBER(SEARCH("HD",D16)), IF(COUNTIF($D:$D,SUBSTITUTE(D16," HD",""))>0,"Has non-HD match","HD only"), IF(COUNTIF($D:$D,D16&" HD")>0,"Has HD match","Non-HD only") ) -> Non-HD only | I16: =IFERROR(LOOKUP(2,1/(ISNUMBER(SEARCH(Sheet1!$A$2:$A$100,B16))),Sheet1!$A$2:$A$100),"") -> AandE | J16: =LEFT(B16,FIND(" ",B16&" ")-1) -> AandE
B17: AAndE.us | C17: Y | D17: A | E17: 109 | F17: FALSE | G17: =IF(COUNTIF($B:$B,B17)=1,"Unique","Duplicate") -> Unique | H17: =IF(ISNUMBER(SEARCH("HD",D17)), IF(COUNTIF($D:$D,SUBSTITUTE(D17," HD",""))>0,"Has non-HD match","HD only"), IF(COUNTIF($D:$D,D17&" HD")>0,"Has HD match","Non-HD only") ) -> Non-HD only | I17: =IFERROR(LOOKUP(2,1/(ISNUMBER(SEARCH(Sheet1!$A$2:$A$100,B17))),Sheet1!$A$2:$A$100),"") -> AandE | J17: =LEFT(B17,FIND(" ",B17&" ")-1) -> AAndE.us
B18: ABC (KGO) San Francisco, CA (7).us | C18: Y | D18: A | E18: 85 | F18: FALSE | G18: =IF(COUNTIF($B:$B,B18)=1,"Unique","Duplicate") -> Unique | H18: =IF(ISNUMBER(SEARCH("HD",D18)), IF(COUNTIF($D:$D,SUBSTITUTE(D18," HD",""))>0,"Has non-HD match","HD only"), IF(COUNTIF($D:$D,D18&" HD")>0,"Has HD match","Non-HD only") ) -> Non-HD only | I18: =IFERROR(LOOKUP(2,1/(ISNUMBER(SEARCH(Sheet1!$A$2:$A$100,B18))),Sheet1!$A$2:$A$100),"") -> ABC | J18: =LEFT(B18,FIND(" ",B18&" ")-1) -> ABC
B19: ABC (WKBW) Buffalo, NY.ca | C19: Y | D19: A | E19: 64 | F19: FALSE | G19: =IF(COUNTIF($B:$B,B19)=1,"Unique","Duplicate") -> Unique | H19: =IF(ISNUMBER(SEARCH("HD",D19)), IF(COUNTIF($D:$D,SUBSTITUTE(D19," HD",""))>0,"Has non-HD match","HD only"), IF(COUNTIF($D:$D,D19&" HD")>0,"Has HD match","Non-HD only") ) -> Non-HD only | I19: =IFERROR(LOOKUP(2,1/(ISNUMBER(SEARCH(Sheet1!$A$2:$A$100,B19))),Sheet1!$A$2:$A$100),"") -> ABC | J19: =LEFT(B19,FIND(" ",B19&" ")-1) -> ABC
B20: Animal Planet US - West (253).us | C20: Y | D20: A | E20: 78 | F20: FALSE | G20: =IF(COUNTIF($B:$B,B20)=1,"Unique","Duplicate") -> Unique | H20: =IF(ISNUMBER(SEARCH("HD",D20)), IF(COUNTIF($D:$D,SUBSTITUTE(D20," HD",""))>0,"Has non-HD match","HD only"), IF(COUNTIF($D:$D,D20&" HD")>0,"Has HD match","Non-HD only") ) -> Non-HD only | I20: =IFERROR(LOOKUP(2,1/(ISNUMBER(SEARCH(Sheet1!$A$2:$A$100,B20))),Sheet1!$A$2:$A$100),"") -> Animal | J20: =LEFT(B20,FIND(" ",B20&" ")-1) -> Animal
B21: Animal Planet.uk | C21: Y | D21: A | E21: 64 | F21: FALSE | G21: =IF(COUNTIF($B:$B,B21)=1,"Unique","Duplicate") -> Unique | H21: =IF(ISNUMBER(SEARCH("HD",D21)), IF(COUNTIF($D:$D,SUBSTITUTE(D21," HD",""))>0,"Has non-HD match","HD only"), IF(COUNTIF($D:$D,D21&" HD")>0,"Has HD match","Non-HD only") ) -> Non-HD only | I21: =IFERROR(LOOKUP(2,1/(ISNUMBER(SEARCH(Sheet1!$A$2:$A$100,B21))),Sheet1!$A$2:$A$100),"") -> Animal | J21: =LEFT(B21,FIND(" ",B21&" ")-1) -> Animal
B22: Animal Planet.us | C22: Y | D22: A | E22: 73 | F22: FALSE | G22: =IF(COUNTIF($B:$B,B22)=1,"Unique","Duplicate") -> Unique | H22: =IF(ISNUMBER(SEARCH("HD",D22)), IF(COUNTIF($D:$D,SUBSTITUTE(D22," HD",""))>0,"Has non-HD match","HD only"), IF(COUNTIF($D:$D,D22&" HD")>0,"Has HD match","Non-HD only") ) -> Non-HD only | I22: =IFERROR(LOOKUP(2,1/(ISNUMBER(SEARCH(Sheet1!$A$2:$A$100,B22))),Sheet1!$A$2:$A$100),"") -> Animal | J22: =LEFT(B22,FIND(" ",B22&" ")-1) -> Animal
B23: Animal Plnt+1.uk | C23: Y | D23: A | E23: 64 | F23: FALSE | G23: =IF(COUNTIF($B:$B,B23)=1,"Unique","Duplicate") -> Unique | H23: =IF(ISNUMBER(SEARCH("HD",D23)), IF(COUNTIF($D:$D,SUBSTITUTE(D23," HD",""))>0,"Has non-HD match","HD only"), IF(COUNTIF($D:$D,D23&" HD")>0,"Has HD match","Non-HD only") ) -> Non-HD only | I23: =IFERROR(LOOKUP(2,1/(ISNUMBER(SEARCH(Sheet1!$A$2:$A$100,B23))),Sheet1!$A$2:$A$100),"") -> Animal | J23: =LEFT(B23,FIND(" ",B23&" ")-1) -> Animal
B24: Brit Asia TV.uk | C24: Y | D24: B | E24: 0 | F24: TRUE | G24: =IF(COUNTIF($B:$B,B24)=1,"Unique","Duplicate") -> Unique | H24: =IF(ISNUMBER(SEARCH("HD",D24)), IF(COUNTIF($D:$D,SUBSTITUTE(D24," HD",""))>0,"Has non-HD match","HD only"), IF(COUNTIF($D:$D,D24&" HD")>0,"Has HD match","Non-HD only") ) -> Non-HD only | I24: =IFERROR(LOOKUP(2,1/(ISNUMBER(SEARCH(Sheet1!$A$2:$A$100,B24))),Sheet1!$A$2:$A$100),"") -> 0 | J24: =LEFT(B24,FIND(" ",B24&" ")-1) -> Brit
B25: Action / SHA.au | C25: Y | D25: A | E25: 0 | F25: FALSE | G25: =IF(COUNTIF($B:$B,B25)=1,"Unique","Duplicate") -> Unique | H25: =IF(ISNUMBER(SEARCH("HD",D25)), IF(COUNTIF($D:$D,SUBSTITUTE(D25," HD",""))>0,"Has non-HD match","HD only"), IF(COUNTIF($D:$D,D25&" HD")>0,"Has HD match","Non-HD only") ) -> Non-HD only | I25: =IFERROR(LOOKUP(2,1/(ISNUMBER(SEARCH(Sheet1!$A$2:$A$100,B25))),Sheet1!$A$2:$A$100),"") -> iON | J25: =LEFT(B25,FIND(" ",B25&" ")-1) -> Action
B26: Action MAX.us | C26: Y | D26: A | E26: 43 | F26: FALSE | G26: =IF(COUNTIF($B:$B,B26)=1,"Unique","Duplicate") -> Unique | H26: =IF(ISNUMBER(SEARCH("HD",D26)), IF(COUNTIF($D:$D,SUBSTITUTE(D26," HD",""))>0,"Has non-HD match","HD only"), IF(COUNTIF($D:$D,D26&" HD")>0,"Has HD match","Non-HD only") ) -> Non-HD only | I26: =IFERROR(LOOKUP(2,1/(ISNUMBER(SEARCH(Sheet1!$A$2:$A$100,B26))),Sheet1!$A$2:$A$100),"") -> Max | J26: =LEFT(B26,FIND(" ",B26&" ")-1) -> Action
B27: Action SHA.au | C27: Y | D27: A | E27: 0 | F27: FALSE | G27: =IF(COUNTIF($B:$B,B27)=1,"Unique","Duplicate") -> Unique | H27: =IF(ISNUMBER(SEARCH("HD",D27)), IF(COUNTIF($D:$D,SUBSTITUTE(D27," HD",""))>0,"Has non-HD match","HD only"), IF(COUNTIF($D:$D,D27&" HD")>0,"Has HD match","Non-HD only") ) -> Non-HD only | I27: =IFERROR(LOOKUP(2,1/(ISNUMBER(SEARCH(Sheet1!$A$2:$A$100,B27))),Sheet1!$A$2:$A$100),"") -> iON | J27: =LEFT(B27,FIND(" ",B27&" ")-1) -> Action
... B43: Citytv Toronto.ca | C43: Y | D43: C | E43: 59 | F43: FALSE | G43: =IF(COUNTIF($B:$B,B43)=1,"Unique","Duplicate") -> Unique | H43: =IF(ISNUMBER(SEARCH("HD",D43)), IF(COUNTIF($D:$D,SUBSTITUTE(D43," HD",""))>0,"Has non-HD match","HD only"), IF(COUNTIF($D:$D,D43&" HD")>0,"Has HD match","Non-HD only") ) -> Non-HD only | I43: =IFERROR(LOOKUP(2,1/(ISNUMBER(SEARCH(Sheet1!$A$2:$A$100,B43))),Sheet1!$A$2:$A$100),"") -> Citytv | J43: =LEFT(B43,FIND(" ",B43&" ")-1) -> Citytv
A44: open-epg-au.xml | B44: CNN (202).us | C44: Y | D44: C | E44: 70 | F44: FALSE | G44: =IF(COUNTIF($B:$B,B44)=1,"Unique","Duplicate") -> Unique | H44: =IF(ISNUMBER(SEARCH("HD",D44)), IF(COUNTIF($D:$D,SUBSTITUTE(D44," HD",""))>0,"Has non-HD match","HD only"), IF(COUNTIF($D:$D,D44&" HD")>0,"Has HD match","Non-HD only") ) -> Non-HD only | I44: =IFERROR(LOOKUP(2,1/(ISNUMBER(SEARCH(Sheet1!$A$2:$A$100,B44))),Sheet1!$A$2:$A$100),"") -> CNN | J44: =LEFT(B44,FIND(" ",B44&" ")-1) -> CNN
B45: CNN / CNN.au | C45: Y | D45: C | E45: 74 | F45: FALSE | G45: =IF(COUNTIF($B:$B,B45)=1,"Unique","Duplicate") -> Unique | H45: =IF(ISNUMBER(SEARCH("HD",D45)), IF(COUNTIF($D:$D,SUBSTITUTE(D45," HD",""))>0,"Has non-HD match","HD only"), IF(COUNTIF($D:$D,D45&" HD")>0,"Has HD match","Non-HD only") ) -> Non-HD only | I45: =IFERROR(LOOKUP(2,1/(ISNUMBER(SEARCH(Sheet1!$A$2:$A$100,B45))),Sheet1!$A$2:$A$100),"") -> CNN | J45: =LEFT(B45,FIND(" ",B45&" ")-1) -> CNN
B46: CNN CNN.au | C46: Y | D46: C | E46: 72 | F46: FALSE | G46: =IF(COUNTIF($B:$B,B46)=1,"Unique","Duplicate") -> Unique | H46: =IF(ISNUMBER(SEARCH("HD",D46)), IF(COUNTIF($D:$D,SUBSTITUTE(D46," HD",""))>0,"Has non-HD match","HD only"), IF(COUNTIF($D:$D,D46&" HD")>0,"Has HD match","Non-HD only") ) -> Non-HD only | I46: =IFERROR(LOOKUP(2,1/(ISNUMBER(SEARCH(Sheet1!$A$2:$A$100,B46))),Sheet1!$A$2:$A$100),"") -> CNN | J46: =LEFT(B46,FIND(" ",B46&" ")-1) -> CNN
B47: CNN.ca | C47: Y | D47: C | E47: 151 | F47: FALSE | G47: =IF(COUNTIF($B:$B,B47)=1,"Unique","Duplicate") -> Unique | H47: =IF(ISNUMBER(SEARCH("HD",D47)), IF(COUNTIF($D:$D,SUBSTITUTE(D47," HD",""))>0,"Has non-HD match","HD only"), IF(COUNTIF($D:$D,D47&" HD")>0,"Has HD match","Non-HD only") ) -> Non-HD only | I47: =IFERROR(LOOKUP(2,1/(ISNUMBER(SEARCH(Sheet1!$A$2:$A$100,B47))),Sheet1!$A$2:$A$100),"") -> CNN | J47: =LEFT(B47,FIND(" ",B47&" ")-1) -> CNN.ca
B48: CNN.us | C48: Y | D48: C | E48: 72 | F48: FALSE | G48: =IF(COUNTIF($B:$B,B48)=1,"Unique","Duplicate") -> Unique | H48: =IF(ISNUMBER(SEARCH("HD",D48)), IF(COUNTIF($D:$D,SUBSTITUTE(D48," HD",""))>0,"Has non-HD match","HD only"), IF(COUNTIF($D:$D,D48&" HD")>0,"Has HD match","Non-HD only") ) -> Non-HD only | I48: =IFERROR(LOOKUP(2,1/(ISNUMBER(SEARCH(Sheet1!$A$2:$A$100,B48))),Sheet1!$A$2:$A$100),"") -> CNN | J48: =LEFT(B48,FIND(" ",B48&" ")-1) -> CNN.us
B49: Haunt TV / HTV.au | C49: Y | D49: H | E49: 78 | F49: FALSE | G49: =IF(COUNTIF($B:$B,B49)=1,"Unique","Duplicate") -> Unique | H49: =IF(ISNUMBER(SEARCH("HD",D49)), IF(COUNTIF($D:$D,SUBSTITUTE(D49," HD",""))>0,"Has non-HD match","HD only"), IF(COUNTIF($D:$D,D49&" HD")>0,"Has HD match","Non-HD only") ) -> Non-HD only | I49: =IFERROR(LOOKUP(2,1/(ISNUMBER(SEARCH(Sheet1!$A$2:$A$100,B49))),Sheet1!$A$2:$A$100),"") -> 0 | J49: =LEFT(B49,FIND(" ",B49&" ")-1) -> Haunt
B50: Haunt TV HTV.au | C50: Y | D50: H | E50: 76 | F50: FALSE | G50: =IF(COUNTIF($B:$B,B50)=1,"Unique","Duplicate") -> Unique | H50: =IF(ISNUMBER(SEARCH("HD",D50)), IF(COUNTIF($D:$D,SUBSTITUTE(D50," HD",""))>0,"Has non-HD match","HD only"), IF(COUNTIF($D:$D,D50&" HD")>0,"Has HD match","Non-HD only") ) -> Non-HD only | I50: =IFERROR(LOOKUP(2,1/(ISNUMBER(SEARCH(Sheet1!$A$2:$A$100,B50))),Sheet1!$A$2:$A$100),"") -> 0 | J50: =LEFT(B50,FIND(" ",B50&" ")-1) -> Haunt
B51: HauntTV.uk | C51: Y | D51: H | E51: 65 | F51: FALSE | G51: =IF(COUNTIF($B:$B,B51)=1,"Unique","Duplicate") -> Unique | H51: =IF(ISNUMBER(SEARCH("HD",D51)), IF(COUNTIF($D:$D,SUBSTITUTE(D51," HD",""))>0,"Has non-HD match","HD only"), IF(COUNTIF($D:$D,D51&" HD")>0,"Has HD match","Non-HD only") ) -> Non-HD only | I51: =IFERROR(LOOKUP(2,1/(ISNUMBER(SEARCH(Sheet1!$A$2:$A$100,B51))),Sheet1!$A$2:$A$100),"") -> 0 | J51: =LEFT(B51,FIND(" ",B51&" ")-1) -> HauntTV.uk
B52: ITV1 +1 London.uk | C52: Y | D52: I | E52: 50 | F52: FALSE | G52: =IF(COUNTIF($B:$B,B52)=1,"Unique","Duplicate") -> Unique | H52: =IF(ISNUMBER(SEARCH("HD",D52)), IF(COUNTIF($D:$D,SUBSTITUTE(D52," HD",""))>0,"Has non-HD match","HD only"), IF(COUNTIF($D:$D,D52&" HD")>0,"Has HD match","Non-HD only") ) -> Non-HD only | I52: =IFERROR(LOOKUP(2,1/(ISNUMBER(SEARCH(Sheet1!$A$2:$A$100,B52))),Sheet1!$A$2:$A$100),"") -> ITV | J52: =LEFT(B52,FIND(" ",B52&" ")-1) -> ITV1
B53: ITV1 +1.uk | C53: Y | D53: I | E53: 74 | F53: FALSE | G53: =IF(COUNTIF($B:$B,B53)=1,"Unique","Duplicate") -> Unique | H53: =IF(ISNUMBER(SEARCH("HD",D53)), IF(COUNTIF($D:$D,SUBSTITUTE(D53," HD",""))>0,"Has non-HD match","HD only"), IF(COUNTIF($D:$D,D53&" HD")>0,"Has HD match","Non-HD only") ) -> Non-HD only | I53: =IFERROR(LOOKUP(2,1/(ISNUMBER(SEARCH(Sheet1!$A$2:$A$100,B53))),Sheet1!$A$2:$A$100),"") -> ITV | J53: =LEFT(B53,FIND(" ",B53&" ")-1) -> ITV1
B54: ITV1 London.uk | C54: Y | D54: I | E54: 97 | F54: FALSE | G54: =IF(COUNTIF($B:$B,B54)=1,"Unique","Duplicate") -> Unique | H54: =IF(ISNUMBER(SEARCH("HD",D54)), IF(COUNTIF($D:$D,SUBSTITUTE(D54," HD",""))>0,"Has non-HD match","HD only"), IF(COUNTIF($D:$D,D54&" HD")>0,"Has HD match","Non-HD only") ) -> Non-HD only | I54: =IFERROR(LOOKUP(2,1/(ISNUMBER(SEARCH(Sheet1!$A$2:$A$100,B54))),Sheet1!$A$2:$A$100),"") -> ITV | J54: =LEFT(B54,FIND(" ",B54&" ")-1) -> ITV1
B55: ITV1+1.uk | C55: Y | D55: I | E55: 52 | F55: FALSE | G55: =IF(COUNTIF($B:$B,B55)=1,"Unique","Duplicate") -> Unique | H55: =IF(ISNUMBER(SEARCH("HD",D55)), IF(COUNTIF($D:$D,SUBSTITUTE(D55," HD",""))>0,"Has non-HD match","HD only"), IF(COUNTIF($D:$D,D55&" HD")>0,"Has HD match","Non-HD only") ) -> Non-HD only | I55: =IFERROR(LOOKUP(2,1/(ISNUMBER(SEARCH(Sheet1!$A$2:$A$100,B55))),Sheet1!$A$2:$A$100),"") -> ITV | J55: =LEFT(B55,FIND(" ",B55&" ")-1) -> ITV1+1.uk
B56: ITV2 +1.uk | C56: Y | D56: I | E56: 161 | F56: FALSE | G56: =IF(COUNTIF($B:$B,B56)=1,"Unique","Duplicate") -> Unique | H56: =IF(ISNUMBER(SEARCH("HD",D56)), IF(COUNTIF($D:$D,SUBSTITUTE(D56," HD",""))>0,"Has non-HD match","HD only"), IF(COUNTIF($D:$D,D56&" HD")>0,"Has HD match","Non-HD only") ) -> Non-HD only | I56: =IFERROR(LOOKUP(2,1/(ISNUMBER(SEARCH(Sheet1!$A$2:$A$100,B56))),Sheet1!$A$2:$A$100),"") -> ITV | J56: =LEFT(B56,FIND(" ",B56&" ")-1) -> ITV2
... B81: Peachtree TV.ca | C81: Y | D81: P | E81: 80 | F81: FALSE | G81: =IF(COUNTIF($B:$B,B81)=1,"Unique","Duplicate") -> Unique | H81: =IF(ISNUMBER(SEARCH("HD",D81)), IF(COUNTIF($D:$D,SUBSTITUTE(D81," HD",""))>0,"Has non-HD match","HD only"), IF(COUNTIF($D:$D,D81&" HD")>0,"Has HD match","Non-HD only") ) -> Non-HD only | I81: =IFERROR(LOOKUP(2,1/(ISNUMBER(SEARCH(Sheet1!$A$2:$A$100,B81))),Sheet1!$A$2:$A$100),"") -> Peachtree | J81: =LEFT(B81,FIND(" ",B81&" ")-1) -> Peachtree
A82: open-epg-au.xml | B82: Pluto TV Sci Fi.us | C82: Y | D82: P | E82: 0 | F82: FALSE | G82: =IF(COUNTIF($B:$B,B82)=1,"Unique","Duplicate") -> Unique | H82: =IF(ISNUMBER(SEARCH("HD",D82)), IF(COUNTIF($D:$D,SUBSTITUTE(D82," HD",""))>0,"Has non-HD match","HD only"), IF(COUNTIF($D:$D,D82&" HD")>0,"Has HD match","Non-HD only") ) -> Non-HD only | I82: =IFERROR(LOOKUP(2,1/(ISNUMBER(SEARCH(Sheet1!$A$2:$A$100,B82))),Sheet1!$A$2:$A$100),"") -> Pluto | J82: =LEFT(B82,FIND(" ",B82&" ")-1) -> Pluto
B83: Pluto TV Science.us | C83: Y | D83: P | E83: 58 | F83: FALSE | G83: =IF(COUNTIF($B:$B,B83)=1,"Unique","Duplicate") -> Unique | H83: =IF(ISNUMBER(SEARCH("HD",D83)), IF(COUNTIF($D:$D,SUBSTITUTE(D83," HD",""))>0,"Has non-HD match","HD only"), IF(COUNTIF($D:$D,D83&" HD")>0,"Has HD match","Non-HD only") ) -> Non-HD only | I83: =IFERROR(LOOKUP(2,1/(ISNUMBER(SEARCH(Sheet1!$A$2:$A$100,B83))),Sheet1!$A$2:$A$100),"") -> Pluto | J83: =LEFT(B83,FIND(" ",B83&" ")-1) -> Pluto
B84: Pluto TV Spotlight.us | C84: Y | D84: P | E84: 27 | F84: FALSE | G84: =IF(COUNTIF($B:$B,B84)=1,"Unique","Duplicate") -> Unique | H84: =IF(ISNUMBER(SEARCH("HD",D84)), IF(COUNTIF($D:$D,SUBSTITUTE(D84," HD",""))>0,"Has non-HD match","HD only"), IF(COUNTIF($D:$D,D84&" HD")>0,"Has HD match","Non-HD only") ) -> Non-HD only | I84: =IFERROR(LOOKUP(2,1/(ISNUMBER(SEARCH(Sheet1!$A$2:$A$100,B84))),Sheet1!$A$2:$A$100),"") -> Pluto | J84: =LEFT(B84,FIND(" ",B84&" ")-1) -> Pluto
A85: open-epg-au.xml | B85: Pluto TV Staff Picks.us | C85: Y | D85: P | E85: 27 | F85: FALSE | G85: =IF(COUNTIF($B:$B,B85)=1,"Unique","Duplicate") -> Unique | H85: =IF(ISNUMBER(SEARCH("HD",D85)), IF(COUNTIF($D:$D,SUBSTITUTE(D85," HD",""))>0,"Has non-HD match","HD only"), IF(COUNTIF($D:$D,D85&" HD")>0,"Has HD match","Non-HD only") ) -> Non-HD only | I85: =IFERROR(LOOKUP(2,1/(ISNUMBER(SEARCH(Sheet1!$A$2:$A$100,B85))),Sheet1!$A$2:$A$100),"") -> Pluto | J85: =LEFT(B85,FIND(" ",B85&" ")-1) -> Pluto
A86: open-epg-au.xml | B86: Pluto TV Terror.us | C86: Y | D86: P | E86: 29 | F86: FALSE | G86: =IF(COUNTIF($B:$B,B86)=1,"Unique","Duplicate") -> Unique | H86: =IF(ISNUMBER(SEARCH("HD",D86)), IF(COUNTIF($D:$D,SUBSTITUTE(D86," HD",""))>0,"Has non-HD match","HD only"), IF(COUNTIF($D:$D,D86&" HD")>0,"Has HD match","Non-HD only") ) -> Non-HD only | I86: =IFERROR(LOOKUP(2,1/(ISNUMBER(SEARCH(Sheet1!$A$2:$A$100,B86))),Sheet1!$A$2:$A$100),"") -> Pluto | J86: =LEFT(B86,FIND(" ",B86&" ")-1) -> Pluto
B87: Pluto TV Thrillers.us | C87: Y | D87: P | E87: 26 | F87: FALSE | G87: =IF(COUNTIF($B:$B,B87)=1,"Unique","Duplicate") -> Unique | H87: =IF(ISNUMBER(SEARCH("HD",D87)), IF(COUNTIF($D:$D,SUBSTITUTE(D87," HD",""))>0,"Has non-HD match","HD only"), IF(COUNTIF($D:$D,D87&" HD")>0,"Has HD match","Non-HD only") ) -> Non-HD only | I87: =IFERROR(LOOKUP(2,1/(ISNUMBER(SEARCH(Sheet1!$A$2:$A$100,B87))),Sheet1!$A$2:$A$100),"") -> Pluto | J87: =LEFT(B87,FIND(" ",B87&" ")-1) -> Pluto
A88: open-epg-au.xml | B88: Syfy (East).us | C88: Y | D88: S | E88: 24 | F88: FALSE | G88: =IF(COUNTIF($B:$B,B88)=1,"Unique","Duplicate") -> Unique | H88: =IF(ISNUMBER(SEARCH("HD",D88)), IF(COUNTIF($D:$D,SUBSTITUTE(D88," HD",""))>0,"Has non-HD match","HD only"), IF(COUNTIF($D:$D,D88&" HD")>0,"Has HD match","Non-HD only") ) -> Non-HD only | I88: =IFERROR(LOOKUP(2,1/(ISNUMBER(SEARCH(Sheet1!$A$2:$A$100,B88))),Sheet1!$A$2:$A$100),"") -> 0 | J88: =LEFT(B88,FIND(" ",B88&" ")-1) -> Syfy
B89: Syfy.us | C89: Y | D89: S | E89: 28 | F89: FALSE | G89: =IF(COUNTIF($B:$B,B89)=1,"Unique","Duplicate") -> Unique | H89: =IF(ISNUMBER(SEARCH("HD",D89)), IF(COUNTIF($D:$D,SUBSTITUTE(D89," HD",""))>0,"Has non-HD match","HD only"), IF(COUNTIF($D:$D,D89&" HD")>0,"Has HD match","Non-HD only") ) -> Non-HD only | I89: =IFERROR(LOOKUP(2,1/(ISNUMBER(SEARCH(Sheet1!$A$2:$A$100,B89))),Sheet1!$A$2:$A$100),"") -> 0 | J89: =LEFT(B89,FIND(" ",B89&" ")-1) -> Syfy.us
B90: TBS - East (112).us | C90: Y | D90: T | E90: 98 | F90: FALSE | G90: =IF(COUNTIF($B:$B,B90)=1,"Unique","Duplicate") -> Unique | H90: =IF(ISNUMBER(SEARCH("HD",D90)), IF(COUNTIF($D:$D,SUBSTITUTE(D90," HD",""))>0,"Has non-HD match","HD only"), IF(COUNTIF($D:$D,D90&" HD")>0,"Has HD match","Non-HD only") ) -> Non-HD only | I90: =IFERROR(LOOKUP(2,1/(ISNUMBER(SEARCH(Sheet1!$A$2:$A$100,B90))),Sheet1!$A$2:$A$100),"") -> 0 | J90: =LEFT(B90,FIND(" ",B90&" ")-1) -> TBS
B91: TBS - Pacific (113).us | C91: Y | D91: T | E91: 93 | F91: FALSE | G91: =IF(COUNTIF($B:$B,B91)=1,"Unique","Duplicate") -> Unique | H91: =IF(ISNUMBER(SEARCH("HD",D91)), IF(COUNTIF($D:$D,SUBSTITUTE(D91," HD",""))>0,"Has non-HD match","HD only"), IF(COUNTIF($D:$D,D91&" HD")>0,"Has HD match","Non-HD only") ) -> Non-HD only | I91: =IFERROR(LOOKUP(2,1/(ISNUMBER(SEARCH(Sheet1!$A$2:$A$100,B91))),Sheet1!$A$2:$A$100),"") -> 0 | J91: =LEFT(B91,FIND(" ",B91&" ")-1) -> TBS
B92: TBS.us | C92: Y | D92: T | E92: 85 | F92: FALSE | G92: =IF(COUNTIF($B:$B,B92)=1,"Unique","Duplicate") -> Unique | H92: =IF(ISNUMBER(SEARCH("HD",D92)), IF(COUNTIF($D:$D,SUBSTITUTE(D92," HD",""))>0,"Has non-HD match","HD only"), IF(COUNTIF($D:$D,D92&" HD")>0,"Has HD match","Non-HD only") ) -> Non-HD only | I92: =IFERROR(LOOKUP(2,1/(ISNUMBER(SEARCH(Sheet1!$A$2:$A$100,B92))),Sheet1!$A$2:$A$100),"") -> 0 | J92: =LEFT(B92,FIND(" ",B92&" ")-1) -> TBS.us
B93: The CW.us | C93: Y | D93: T | E93: 40 | F93: FALSE | G93: =IF(COUNTIF($B:$B,B93)=1,"Unique","Duplicate") -> Unique | H93: =IF(ISNUMBER(SEARCH("HD",D93)), IF(COUNTIF($D:$D,SUBSTITUTE(D93," HD",""))>0,"Has non-HD match","HD only"), IF(COUNTIF($D:$D,D93&" HD")>0,"Has HD match","Non-HD only") ) -> Non-HD only | I93: =IFERROR(LOOKUP(2,1/(ISNUMBER(SEARCH(Sheet1!$A$2:$A$100,B93))),Sheet1!$A$2:$A$100),"") -> 0 | J93: =LEFT(B93,FIND(" ",B93&" ")-1) -> The
B94: The Movie Channel (East).us | C94: Y | D94: T | E94: 31 | F94: FALSE | G94: =IF(COUNTIF($B:$B,B94)=1,"Unique","Duplicate") -> Unique | H94: =IF(ISNUMBER(SEARCH("HD",D94)), IF(COUNTIF($D:$D,SUBSTITUTE(D94," HD",""))>0,"Has non-HD match","HD only"), IF(COUNTIF($D:$D,D94&" HD")>0,"Has HD match","Non-HD only") ) -> Non-HD only | I94: =IFERROR(LOOKUP(2,1/(ISNUMBER(SEARCH(Sheet1!$A$2:$A$100,B94))),Sheet1!$A$2:$A$100),"") -> 0 | J94: =LEFT(B94,FIND(" ",B94&" ")-1) -> The
B95: The Movie Channel (West).us | C95: Y | D95: T | E95: 64 | F95: FALSE | G95: =IF(COUNTIF($B:$B,B95)=1,"Unique","Duplicate") -> Unique | H95: =IF(ISNUMBER(SEARCH("HD",D95)), IF(COUNTIF($D:$D,SUBSTITUTE(D95," HD",""))>0,"Has non-HD match","HD only"), IF(COUNTIF($D:$D,D95&" HD")>0,"Has HD match","Non-HD only") ) -> Non-HD only | I95: =IFERROR(LOOKUP(2,1/(ISNUMBER(SEARCH(Sheet1!$A$2:$A$100,B95))),Sheet1!$A$2:$A$100),"") -> 0 | J95: =LEFT(B95,FIND(" ",B95&" ")-1) -> The
B96: The Movie Channel Xtra (East).us | C96: Y | D96: T | E96: 64 | F96: FALSE | G96: =IF(COUNTIF($B:$B,B96)=1,"Unique","Duplicate") -> Unique | H96: =IF(ISNUMBER(SEARCH("HD",D96)), IF(COUNTIF($D:$D,SUBSTITUTE(D96," HD",""))>0,"Has non-HD match","HD only"), IF(COUNTIF($D:$D,D96&" HD")>0,"Has HD match","Non-HD only") ) -> Non-HD only | I96: =IFERROR(LOOKUP(2,1/(ISNUMBER(SEARCH(Sheet1!$A$2:$A$100,B96))),Sheet1!$A$2:$A$100),"") -> 0 | J96: =LEFT(B96,FIND(" ",B96&" ")-1) -> The
B97: The Movie Channel Xtra (West).us | C97: Y | D97: T | E97: 63 | F97: FALSE | G97: =IF(COUNTIF($B:$B,B97)=1,"Unique","Duplicate") -> Unique | H97: =IF(ISNUMBER(SEARCH("HD",D97)), IF(COUNTIF($D:$D,SUBSTITUTE(D97," HD",""))>0,"Has non-HD match","HD only"), IF(COUNTIF($D:$D,D97&" HD")>0,"Has HD match","Non-HD only") ) -> Non-HD only | I97: =IFERROR(LOOKUP(2,1/(ISNUMBER(SEARCH(Sheet1!$A$2:$A$100,B97))),Sheet1!$A$2:$A$100),"") -> 0 | J97: =LEFT(B97,FIND(" ",B97&" ")-1) -> The
B98: The Movie Channel Xtra.us | C98: Y | D98: T | E98: 37 | F98: FALSE | G98: =IF(COUNTIF($B:$B,B98)=1,"Unique","Duplicate") -> Unique | H98: =IF(ISNUMBER(SEARCH("HD",D98)), IF(COUNTIF($D:$D,SUBSTITUTE(D98," HD",""))>0,"Has non-HD match","HD only"), IF(COUNTIF($D:$D,D98&" HD")>0,"Has HD match","Non-HD only") ) -> Non-HD only | I98: =IFERROR(LOOKUP(2,1/(ISNUMBER(SEARCH(Sheet1!$A$2:$A$100,B98))),Sheet1!$A$2:$A$100),"") -> 0 | J98: =LEFT(B98,FIND(" ",B98&" ")-1) -> The
B99: The Movie Channel.us | C99: Y | D99: T | E99: 35 | F99: FALSE | G99: =IF(COUNTIF($B:$B,B99)=1,"Unique","Duplicate") -> Unique | H99: =IF(ISNUMBER(SEARCH("HD",D99)), IF(COUNTIF($D:$D,SUBSTITUTE(D99," HD",""))>0,"Has non-HD match","HD only"), IF(COUNTIF($D:$D,D99&" HD")>0,"Has HD match","Non-HD only") ) -> Non-HD only | I99: =IFERROR(LOOKUP(2,1/(ISNUMBER(SEARCH(Sheet1!$A$2:$A$100,B99))),Sheet1!$A$2:$A$100),"") -> 0 | J99: =LEFT(B99,FIND(" ",B99&" ")-1) -> The
B100: TLC / DTA.au | C100: Y | D100: T | E100: 56 | F100: FALSE | G100: =IF(COUNTIF($B:$B,B100)=1,"Unique","Duplicate") -> Unique | H100: =IF(ISNUMBER(SEARCH("HD",D100)), IF(COUNTIF($D:$D,SUBSTITUTE(D100," HD",""))>0,"Has non-HD match","HD only"), IF(COUNTIF($D:$D,D100&" HD")>0,"Has HD match","Non-HD only") ) -> Non-HD only | I100: =IFERROR(LOOKUP(2,1/(ISNUMBER(SEARCH(Sheet1!$A$2:$A$100,B100))),Sheet1!$A$2:$A$100),"") -> 0 | J100: =LEFT(B100,FIND(" ",B100&" ")-1) -> TLC
... B122: WildEarth.uk | C122: Y | D122: W | E122: 39 | F122: TRUE | G122: =IF(COUNTIF($B:$B,B122)=1,"Unique","Duplicate") -> Unique | H122: =IF(ISNUMBER(SEARCH("HD",D122)), IF(COUNTIF($D:$D,SUBSTITUTE(D122," HD",""))>0,"Has non-HD match","HD only"), IF(COUNTIF($D:$D,D122&" HD")>0,"Has HD match","Non-HD only") ) -> Non-HD only | I122: =IFERROR(LOOKUP(2,1/(ISNUMBER(SEARCH(Sheet1!$A$2:$A$100,B122))),Sheet1!$A$2:$A$100),"") -> 0 | J122: =LEFT(B122,FIND(" ",B122&" ")-1) -> WildEarth.uk
A212: open-epg-au.xml | B212: BBC America - East (122).us | C212: Y | D212: B | E212: 49 | F212: FALSE | G212: =IF(COUNTIF($B:$B,B212)=1,"Unique","Duplicate") -> Unique | H212: =IF(ISNUMBER(SEARCH("HD",D212)), IF(COUNTIF($D:$D,SUBSTITUTE(D212," HD",""))>0,"Has non-HD match","HD only"), IF(COUNTIF($D:$D,D212&" HD")>0,"Has HD match","Non-HD only") ) -> Non-HD only | I212: =IFERROR(LOOKUP(2,1/(ISNUMBER(SEARCH(Sheet1!$A$2:$A$100,B212))),Sheet1!$A$2:$A$100),"") -> BBC | J212: =LEFT(B212,FIND(" ",B212&" ")-1) -> BBC
A213: open-epg-au.xml | B213: BBC America (East).us | C213: Y | D213: B | E213: 35 | F213: FALSE | G213: =IF(COUNTIF($B:$B,B213)=1,"Unique","Duplicate") -> Unique | H213: =IF(ISNUMBER(SEARCH("HD",D213)), IF(COUNTIF($D:$D,SUBSTITUTE(D213," HD",""))>0,"Has non-HD match","HD only"), IF(COUNTIF($D:$D,D213&" HD")>0,"Has HD match","Non-HD only") ) -> Non-HD only | I213: =IFERROR(LOOKUP(2,1/(ISNUMBER(SEARCH(Sheet1!$A$2:$A$100,B213))),Sheet1!$A$2:$A$100),"") -> BBC | J213: =LEFT(B213,FIND(" ",B213&" ")-1) -> BBC
A214: open-epg-au.xml | B214: BBC America.us | C214: Y | D214: B | E214: 46 | F214: FALSE | G214: =IF(COUNTIF($B:$B,B214)=1,"Unique","Duplicate") -> Unique | H214: =IF(ISNUMBER(SEARCH("HD",D214)), IF(COUNTIF($D:$D,SUBSTITUTE(D214," HD",""))>0,"Has non-HD match","HD only"), IF(COUNTIF($D:$D,D214&" HD")>0,"Has HD match","Non-HD only") ) -> Non-HD only | I214: =IFERROR(LOOKUP(2,1/(ISNUMBER(SEARCH(Sheet1!$A$2:$A$100,B214))),Sheet1!$A$2:$A$100),"") -> BBC | J214: =LEFT(B214,FIND(" ",B214&" ")-1) -> BBC
A215: open-epg-au.xml | B215: BBC Canada East.ca | C215: Y | D215: B | E215: 36 | F215: FALSE | G215: =IF(COUNTIF($B:$B,B215)=1,"Unique","Duplicate") -> Unique | H215: =IF(ISNUMBER(SEARCH("HD",D215)), IF(COUNTIF($D:$D,SUBSTITUTE(D215," HD",""))>0,"Has non-HD match","HD only"), IF(COUNTIF($D:$D,D215&" HD")>0,"Has HD match","Non-HD only") ) -> Non-HD only | I215: =IFERROR(LOOKUP(2,1/(ISNUMBER(SEARCH(Sheet1!$A$2:$A$100,B215))),Sheet1!$A$2:$A$100),"") -> BBC | J215: =LEFT(B215,FIND(" ",B215&" ")-1) -> BBC
A216: open-epg-au.xml | B216: BBC Earth.us | C216: Y | D216: B | E216: 43 | F216: FALSE | G216: =IF(COUNTIF($B:$B,B216)=1,"Unique","Duplicate") -> Unique | H216: =IF(ISNUMBER(SEARCH("HD",D216)), IF(COUNTIF($D:$D,SUBSTITUTE(D216," HD",""))>0,"Has non-HD match","HD only"), IF(COUNTIF($D:$D,D216&" HD")>0,"Has HD match","Non-HD only") ) -> Non-HD only | I216: =IFERROR(LOOKUP(2,1/(ISNUMBER(SEARCH(Sheet1!$A$2:$A$100,B216))),Sheet1!$A$2:$A$100),"") -> BBC | J216: =LEFT(B216,FIND(" ",B216&" ")-1) -> BBC
A217: open-epg-au.xml | B217: BBC Four.uk | C217: Y | D217: B | E217: 34 | F217: FALSE | G217: =IF(COUNTIF($B:$B,B217)=1,"Unique","Duplicate") -> Unique | H217: =IF(ISNUMBER(SEARCH("HD",D217)), IF(COUNTIF($D:$D,SUBSTITUTE(D217," HD",""))>0,"Has non-HD match","HD only"), IF(COUNTIF($D:$D,D217&" HD")>0,"Has HD match","Non-HD only") ) -> Non-HD only | I217: =IFERROR(LOOKUP(2,1/(ISNUMBER(SEARCH(Sheet1!$A$2:$A$100,B217))),Sheet1!$A$2:$A$100),"") -> BBC Four | J217: =LEFT(B217,FIND(" ",B217&" ")-1) -> BBC
A218: open-epg-au.xml | B218: BBC One London.uk | C218: Y | D218: B | E218: 218 | F218: FALSE | G218: =IF(COUNTIF($B:$B,B218)=1,"Unique","Duplicate") -> Unique | H218: =IF(ISNUMBER(SEARCH("HD",D218)), IF(COUNTIF($D:$D,SUBSTITUTE(D218," HD",""))>0,"Has non-HD match","HD only"), IF(COUNTIF($D:$D,D218&" HD")>0,"Has HD match","Non-HD only") ) -> Non-HD only | I218: =IFERROR(LOOKUP(2,1/(ISNUMBER(SEARCH(Sheet1!$A$2:$A$100,B218))),Sheet1!$A$2:$A$100),"") -> BBC One | J218: =LEFT(B218,FIND(" ",B218&" ")-1) -> BBC
B219: BBC Three.uk | C219: Y | D219: B | E219: 53 | F219: FALSE | G219: =IF(COUNTIF($B:$B,B219)=1,"Unique","Duplicate") -> Unique | H219: =IF(ISNUMBER(SEARCH("HD",D219)), IF(COUNTIF($D:$D,SUBSTITUTE(D219," HD",""))>0,"Has non-HD match","HD only"), IF(COUNTIF($D:$D,D219&" HD")>0,"Has HD match","Non-HD only") ) -> Non-HD only | I219: =IFERROR(LOOKUP(2,1/(ISNUMBER(SEARCH(Sheet1!$A$2:$A$100,B219))),Sheet1!$A$2:$A$100),"") -> BBC Three | J219: =LEFT(B219,FIND(" ",B219&" ")-1) -> BBC
A220: open-epg-au.xml | B220: BBC Two.uk | C220: Y | D220: B | E220: 88 | F220: FALSE | G220: =IF(COUNTIF($B:$B,B220)=1,"Unique","Duplicate") -> Unique | H220: =IF(ISNUMBER(SEARCH("HD",D220)), IF(COUNTIF($D:$D,SUBSTITUTE(D220," HD",""))>0,"Has non-HD match","HD only"), IF(COUNTIF($D:$D,D220&" HD")>0,"Has HD match","Non-HD only") ) -> Non-HD only | I220: =IFERROR(LOOKUP(2,1/(ISNUMBER(SEARCH(Sheet1!$A$2:$A$100,B220))),Sheet1!$A$2:$A$100),"") -> BBC Two | J220: =LEFT(B220,FIND(" ",B220&" ")-1) -> BBC
B259: Bravo (Canada).ca | C259: Y | D259: B | E259: 52 | F259: FALSE | G259: =IF(COUNTIF($B:$B,B259)=1,"Unique","Duplicate") -> Unique | H259: =IF(ISNUMBER(SEARCH("HD",D259)), IF(COUNTIF($D:$D,SUBSTITUTE(D259," HD",""))>0,"Has non-HD match","HD only"), IF(COUNTIF($D:$D,D259&" HD")>0,"Has HD match","Non-HD only") ) -> Non-HD only | I259: =IFERROR(LOOKUP(2,1/(ISNUMBER(SEARCH(Sheet1!$A$2:$A$100,B259))),Sheet1!$A$2:$A$100),"") -> Bravo | J259: =LEFT(B259,FIND(" ",B259&" ")-1) -> Bravo
B260: Bravo (East).us | C260: Y | D260: B | E260: 48 | F260: FALSE | G260: =IF(COUNTIF($B:$B,B260)=1,"Unique","Duplicate") -> Unique | H260: =IF(ISNUMBER(SEARCH("HD",D260)), IF(COUNTIF($D:$D,SUBSTITUTE(D260," HD",""))>0,"Has non-HD match","HD only"), IF(COUNTIF($D:$D,D260&" HD")>0,"Has HD match","Non-HD only") ) -> Non-HD only | I260: =IFERROR(LOOKUP(2,1/(ISNUMBER(SEARCH(Sheet1!$A$2:$A$100,B260))),Sheet1!$A$2:$A$100),"") -> Bravo | J260: =LEFT(B260,FIND(" ",B260&" ")-1) -> Bravo
A261: open-epg-au.xml | B261: Bravo Canada.ca | C261: Y | D261: B | E261: 112 | F261: FALSE | G261: =IF(COUNTIF($B:$B,B261)=1,"Unique","Duplicate") -> Unique | H261: =IF(ISNUMBER(SEARCH("HD",D261)), IF(COUNTIF($D:$D,SUBSTITUTE(D261," HD",""))>0,"Has non-HD match","HD only"), IF(COUNTIF($D:$D,D261&" HD")>0,"Has HD match","Non-HD only") ) -> Non-HD only | I261: =IFERROR(LOOKUP(2,1/(ISNUMBER(SEARCH(Sheet1!$A$2:$A$100,B261))),Sheet1!$A$2:$A$100),"") -> Bravo | J261: =LEFT(B261,FIND(" ",B261&" ")-1) -> Bravo
B262: Bravo USA - Pacific Feed (181).us | C262: Y | D262: B | E262: 63 | F262: FALSE | G262: =IF(COUNTIF($B:$B,B262)=1,"Unique","Duplicate") -> Unique | H262: =IF(ISNUMBER(SEARCH("HD",D262)), IF(COUNTIF($D:$D,SUBSTITUTE(D262," HD",""))>0,"Has non-HD match","HD only"), IF(COUNTIF($D:$D,D262&" HD")>0,"Has HD match","Non-HD only") ) -> Non-HD only | I262: =IFERROR(LOOKUP(2,1/(ISNUMBER(SEARCH(Sheet1!$A$2:$A$100,B262))),Sheet1!$A$2:$A$100),"") -> Bravo | J262: =LEFT(B262,FIND(" ",B262&" ")-1) -> Bravo
B263: Bravo Vault.us | C263: Y | D263: B | E263: 48 | F263: FALSE | G263: =IF(COUNTIF($B:$B,B263)=1,"Unique","Duplicate") -> Unique | H263: =IF(ISNUMBER(SEARCH("HD",D263)), IF(COUNTIF($D:$D,SUBSTITUTE(D263," HD",""))>0,"Has non-HD match","HD only"), IF(COUNTIF($D:$D,D263&" HD")>0,"Has HD match","Non-HD only") ) -> Non-HD only | I263: =IFERROR(LOOKUP(2,1/(ISNUMBER(SEARCH(Sheet1!$A$2:$A$100,B263))),Sheet1!$A$2:$A$100),"") -> Bravo | J263: =LEFT(B263,FIND(" ",B263&" ")-1) -> Bravo
B264: Bravo.us | C264: Y | D264: B | E264: 60 | F264: FALSE | G264: =IF(COUNTIF($B:$B,B264)=1,"Unique","Duplicate") -> Unique | H264: =IF(ISNUMBER(SEARCH("HD",D264)), IF(COUNTIF($D:$D,SUBSTITUTE(D264," HD",""))>0,"Has non-HD match","HD only"), IF(COUNTIF($D:$D,D264&" HD")>0,"Has HD match","Non-HD only") ) -> Non-HD only | I264: =IFERROR(LOOKUP(2,1/(ISNUMBER(SEARCH(Sheet1!$A$2:$A$100,B264))),Sheet1!$A$2:$A$100),"") -> Bravo | J264: =LEFT(B264,FIND(" ",B264&" ")-1) -> Bravo.us
B266: BritBox Mysteries.us | C266: Y | D266: B | E266: 39 | F266: FALSE | G266: =IF(COUNTIF($B:$B,B266)=1,"Unique","Duplicate") -> Unique | H266: =IF(ISNUMBER(SEARCH("HD",D266)), IF(COUNTIF($D:$D,SUBSTITUTE(D266," HD",""))>0,"Has non-HD match","HD only"), IF(COUNTIF($D:$D,D266&" HD")>0,"Has HD match","Non-HD only") ) -> Non-HD only | I266: =IFERROR(LOOKUP(2,1/(ISNUMBER(SEARCH(Sheet1!$A$2:$A$100,B266))),Sheet1!$A$2:$A$100),"") -> BritBox | J266: =LEFT(B266,FIND(" ",B266&" ")-1) -> BritBox
B274: Cable News Network International.us | C274: Y | D274: C | E274: 68 | F274: TRUE | G274: =IF(COUNTIF($B:$B,B274)=1,"Unique","Duplicate") -> Unique | H274: =IF(ISNUMBER(SEARCH("HD",D274)), IF(COUNTIF($D:$D,SUBSTITUTE(D274," HD",""))>0,"Has non-HD match","HD only"), IF(COUNTIF($D:$D,D274&" HD")>0,"Has HD match","Non-HD only") ) -> Non-HD only | I274: =IFERROR(LOOKUP(2,1/(ISNUMBER(SEARCH(Sheet1!$A$2:$A$100,B274))),Sheet1!$A$2:$A$100),"") -> iON | J274: =LEFT(B274,FIND(" ",B274&" ")-1) -> Cable
B278: Caracol TV Internacional.ca | C278: Y | D278: C | E278: 64 | F278: TRUE | G278: =IF(COUNTIF($B:$B,B278)=1,"Unique","Duplicate") -> Unique | H278: =IF(ISNUMBER(SEARCH("HD",D278)), IF(COUNTIF($D:$D,SUBSTITUTE(D278," HD",""))>0,"Has non-HD match","HD only"), IF(COUNTIF($D:$D,D278&" HD")>0,"Has HD match","Non-HD only") ) -> Non-HD only | I278: =IFERROR(LOOKUP(2,1/(ISNUMBER(SEARCH(Sheet1!$A$2:$A$100,B278))),Sheet1!$A$2:$A$100),"") -> iON | J278: =LEFT(B278,FIND(" ",B278&" ")-1) -> Caracol
B281: CBC (CBHT) Halifax, NS.ca | C281: Y | D281: C | E281: 48 | F281: FALSE | G281: =IF(COUNTIF($B:$B,B281)=1,"Unique","Duplicate") -> Unique | H281: =IF(ISNUMBER(SEARCH("HD",D281)), IF(COUNTIF($D:$D,SUBSTITUTE(D281," HD",""))>0,"Has non-HD match","HD only"), IF(COUNTIF($D:$D,D281&" HD")>0,"Has HD match","Non-HD only") ) -> Non-HD only | I281: =IFERROR(LOOKUP(2,1/(ISNUMBER(SEARCH(Sheet1!$A$2:$A$100,B281))),Sheet1!$A$2:$A$100),"") -> CBC | J281: =LEFT(B281,FIND(" ",B281&" ")-1) -> CBC
B282: CBC (CBLT) Toronto, ON.ca | C282: Y | D282: C | E282: 158 | F282: FALSE | G282: =IF(COUNTIF($B:$B,B282)=1,"Unique","Duplicate") -> Unique | H282: =IF(ISNUMBER(SEARCH("HD",D282)), IF(COUNTIF($D:$D,SUBSTITUTE(D282," HD",""))>0,"Has non-HD match","HD only"), IF(COUNTIF($D:$D,D282&" HD")>0,"Has HD match","Non-HD only") ) -> Non-HD only | I282: =IFERROR(LOOKUP(2,1/(ISNUMBER(SEARCH(Sheet1!$A$2:$A$100,B282))),Sheet1!$A$2:$A$100),"") -> CBC | J282: =LEFT(B282,FIND(" ",B282&" ")-1) -> CBC
A283: open-epg-au.xml | B283: CBC (CBUT) Vancouver, BC.ca | C283: Y | D283: C | E283: 152 | F283: FALSE | G283: =IF(COUNTIF($B:$B,B283)=1,"Unique","Duplicate") -> Unique | H283: =IF(ISNUMBER(SEARCH("HD",D283)), IF(COUNTIF($D:$D,SUBSTITUTE(D283," HD",""))>0,"Has non-HD match","HD only"), IF(COUNTIF($D:$D,D283&" HD")>0,"Has HD match","Non-HD only") ) -> Non-HD only | I283: =IFERROR(LOOKUP(2,1/(ISNUMBER(SEARCH(Sheet1!$A$2:$A$100,B283))),Sheet1!$A$2:$A$100),"") -> CBC | J283: =LEFT(B283,FIND(" ",B283&" ")-1) -> CBC
B286: CBS (KFMB) San Diego, CA (8-1).us | C286: Y | D286: C | E286: 85 | F286: FALSE | G286: =IF(COUNTIF($B:$B,B286)=1,"Unique","Duplicate") -> Unique | H286: =IF(ISNUMBER(SEARCH("HD",D286)), IF(COUNTIF($D:$D,SUBSTITUTE(D286," HD",""))>0,"Has non-HD match","HD only"), IF(COUNTIF($D:$D,D286&" HD")>0,"Has HD match","Non-HD only") ) -> Non-HD only | I286: =IFERROR(LOOKUP(2,1/(ISNUMBER(SEARCH(Sheet1!$A$2:$A$100,B286))),Sheet1!$A$2:$A$100),"") -> FM | J286: =LEFT(B286,FIND(" ",B286&" ")-1) -> CBS
B287: CBS (WIVB) Buffalo, NY.ca | C287: Y | D287: C | E287: 86 | F287: FALSE | G287: =IF(COUNTIF($B:$B,B287)=1,"Unique","Duplicate") -> Unique | H287: =IF(ISNUMBER(SEARCH("HD",D287)), IF(COUNTIF($D:$D,SUBSTITUTE(D287," HD",""))>0,"Has non-HD match","HD only"), IF(COUNTIF($D:$D,D287&" HD")>0,"Has HD match","Non-HD only") ) -> Non-HD only | I287: =IFERROR(LOOKUP(2,1/(ISNUMBER(SEARCH(Sheet1!$A$2:$A$100,B287))),Sheet1!$A$2:$A$100),"") -> CBS | J287: =LEFT(B287,FIND(" ",B287&" ")-1) -> CBS
A289: open-epg-au.xml | B289: CentroAmerica TV (3044).us | C289: Y | D289: C | E289: 81 | F289: FALSE | G289: =IF(COUNTIF($B:$B,B289)=1,"Unique","Duplicate") -> Unique | H289: =IF(ISNUMBER(SEARCH("HD",D289)), IF(COUNTIF($D:$D,SUBSTITUTE(D289," HD",""))>0,"Has non-HD match","HD only"), IF(COUNTIF($D:$D,D289&" HD")>0,"Has HD match","Non-HD only") ) -> Non-HD only | I289: =IFERROR(LOOKUP(2,1/(ISNUMBER(SEARCH(Sheet1!$A$2:$A$100,B289))),Sheet1!$A$2:$A$100),"") -> 0 | J289: =LEFT(B289,FIND(" ",B289&" ")-1) -> CentroAmerica
A296: open-epg-au.xml | B296: Ch4 Tier.uk | C296: Y | D296: C | E296: 0 | F296: FALSE | G296: =IF(COUNTIF($B:$B,B296)=1,"Unique","Duplicate") -> Unique | H296: =IF(ISNUMBER(SEARCH("HD",D296)), IF(COUNTIF($D:$D,SUBSTITUTE(D296," HD",""))>0,"Has non-HD match","HD only"), IF(COUNTIF($D:$D,D296&" HD")>0,"Has HD match","Non-HD only") ) -> Non-HD only | I296: =IFERROR(LOOKUP(2,1/(ISNUMBER(SEARCH(Sheet1!$A$2:$A$100,B296))),Sheet1!$A$2:$A$100),"") -> 0 | J296: =LEFT(B296,FIND(" ",B296&" ")-1) -> Ch4
A300: open-epg-au.xml | B300: Channel 4 +1.uk | C300: Y | D300: C | E300: 160 | F300: FALSE | G300: =IF(COUNTIF($B:$B,B300)=1,"Unique","Duplicate") -> Unique | H300: =IF(ISNUMBER(SEARCH("HD",D300)), IF(COUNTIF($D:$D,SUBSTITUTE(D300," HD",""))>0,"Has non-HD match","HD only"), IF(COUNTIF($D:$D,D300&" HD")>0,"Has HD match","Non-HD only") ) -> Non-HD only | I300: =IFERROR(LOOKUP(2,1/(ISNUMBER(SEARCH(Sheet1!$A$2:$A$100,B300))),Sheet1!$A$2:$A$100),"") -> 0 | J300: =LEFT(B300,FIND(" ",B300&" ")-1) -> Channel
A301: open-epg-au.xml | B301: Channel 4.uk | C301: Y | D301: C | E301: 96 | F301: FALSE | G301: =IF(COUNTIF($B:$B,B301)=1,"Unique","Duplicate") -> Unique | H301: =IF(ISNUMBER(SEARCH("HD",D301)), IF(COUNTIF($D:$D,SUBSTITUTE(D301," HD",""))>0,"Has non-HD match","HD only"), IF(COUNTIF($D:$D,D301&" HD")>0,"Has HD match","Non-HD only") ) -> Non-HD only | I301: =IFERROR(LOOKUP(2,1/(ISNUMBER(SEARCH(Sheet1!$A$2:$A$100,B301))),Sheet1!$A$2:$A$100),"") -> 0 | J301: =LEFT(B301,FIND(" ",B301&" ")-1) -> Channel
A302: open-epg-au.xml | B302: Channel 4+1.uk | C302: Y | D302: C | E302: 65 | F302: FALSE | G302: =IF(COUNTIF($B:$B,B302)=1,"Unique","Duplicate") -> Unique | H302: =IF(ISNUMBER(SEARCH("HD",D302)), IF(COUNTIF($D:$D,SUBSTITUTE(D302," HD",""))>0,"Has non-HD match","HD only"), IF(COUNTIF($D:$D,D302&" HD")>0,"Has HD match","Non-HD only") ) -> Non-HD only | I302: =IFERROR(LOOKUP(2,1/(ISNUMBER(SEARCH(Sheet1!$A$2:$A$100,B302))),Sheet1!$A$2:$A$100),"") -> 0 | J302: =LEFT(B302,FIND(" ",B302&" ")-1) -> Channel
B309: Channels 24.uk | C309: Y | D309: C | E309: 82 | F309: FALSE | G309: =IF(COUNTIF($B:$B,B309)=1,"Unique","Duplicate") -> Unique | H309: =IF(ISNUMBER(SEARCH("HD",D309)), IF(COUNTIF($D:$D,SUBSTITUTE(D309," HD",""))>0,"Has non-HD match","HD only"), IF(COUNTIF($D:$D,D309&" HD")>0,"Has HD match","Non-HD only") ) -> Non-HD only | I309: =IFERROR(LOOKUP(2,1/(ISNUMBER(SEARCH(Sheet1!$A$2:$A$100,B309))),Sheet1!$A$2:$A$100),"") -> 0 | J309: =LEFT(B309,FIND(" ",B309&" ")-1) -> Channels
A317: open-epg-au.xml | B317: Chef vs Chef by Food Network.us | C317: Y | D317: C | E317: 48 | F317: FALSE | G317: =IF(COUNTIF($B:$B,B317)=1,"Unique","Duplicate") -> Unique | H317: =IF(ISNUMBER(SEARCH("HD",D317)), IF(COUNTIF($D:$D,SUBSTITUTE(D317," HD",""))>0,"Has non-HD match","HD only"), IF(COUNTIF($D:$D,D317&" HD")>0,"Has HD match","Non-HD only") ) -> Non-HD only | I317: =IFERROR(LOOKUP(2,1/(ISNUMBER(SEARCH(Sheet1!$A$2:$A$100,B317))),Sheet1!$A$2:$A$100),"") -> Food | J317: =LEFT(B317,FIND(" ",B317&" ")-1) -> Chef
A321: open-epg-au.xml | B321: Christian Television Network.us | C321: Y | D321: C | E321: 98 | F321: FALSE | G321: =IF(COUNTIF($B:$B,B321)=1,"Unique","Duplicate") -> Unique | H321: =IF(ISNUMBER(SEARCH("HD",D321)), IF(COUNTIF($D:$D,SUBSTITUTE(D321," HD",""))>0,"Has non-HD match","HD only"), IF(COUNTIF($D:$D,D321&" HD")>0,"Has HD match","Non-HD only") ) -> Non-HD only | I321: =IFERROR(LOOKUP(2,1/(ISNUMBER(SEARCH(Sheet1!$A$2:$A$100,B321))),Sheet1!$A$2:$A$100),"") -> iON | J321: =LEFT(B321,FIND(" ",B321&" ")-1) -> Christian
A322: open-epg-au.xml | B322: Christmas 24.uk | C322: Y | D322: C | E322: 33 | F322: FALSE | G322: =IF(COUNTIF($B:$B,B322)=1,"Unique","Duplicate") -> Unique | H322: =IF(ISNUMBER(SEARCH("HD",D322)), IF(COUNTIF($D:$D,SUBSTITUTE(D322," HD",""))>0,"Has non-HD match","HD only"), IF(COUNTIF($D:$D,D322&" HD")>0,"Has HD match","Non-HD only") ) -> Non-HD only | I322: =IFERROR(LOOKUP(2,1/(ISNUMBER(SEARCH(Sheet1!$A$2:$A$100,B322))),Sheet1!$A$2:$A$100),"") -> 0 | J322: =LEFT(B322,FIND(" ",B322&" ")-1) -> Christmas
A323: open-epg-au.xml | B323: Christmas 24+.uk | C323: Y | D323: C | E323: 32 | F323: FALSE | G323: =IF(COUNTIF($B:$B,B323)=1,"Unique","Duplicate") -> Unique | H323: =IF(ISNUMBER(SEARCH("HD",D323)), IF(COUNTIF($D:$D,SUBSTITUTE(D323," HD",""))>0,"Has non-HD match","HD only"), IF(COUNTIF($D:$D,D323&" HD")>0,"Has HD match","Non-HD only") ) -> Non-HD only | I323: =IFERROR(LOOKUP(2,1/(ISNUMBER(SEARCH(Sheet1!$A$2:$A$100,B323))),Sheet1!$A$2:$A$100),"") -> 0 | J323: =LEFT(B323,FIND(" ",B323&" ")-1) -> Christmas
A324: open-epg-au.xml | B324: Christmas24.uk | C324: Y | D324: C | E324: 34 | F324: FALSE | G324: =IF(COUNTIF($B:$B,B324)=1,"Unique","Duplicate") -> Unique | H324: =IF(ISNUMBER(SEARCH("HD",D324)), IF(COUNTIF($D:$D,SUBSTITUTE(D324," HD",""))>0,"Has non-HD match","HD only"), IF(COUNTIF($D:$D,D324&" HD")>0,"Has HD match","Non-HD only") ) -> Non-HD only | I324: =IFERROR(LOOKUP(2,1/(ISNUMBER(SEARCH(Sheet1!$A$2:$A$100,B324))),Sheet1!$A$2:$A$100),"") -> 0 | J324: =LEFT(B324,FIND(" ",B324&" ")-1) -> Christmas24.uk
A325: open-epg-au.xml | B325: Christmas24+.uk | C325: Y | D325: C | E325: 34 | F325: FALSE | G325: =IF(COUNTIF($B:$B,B325)=1,"Unique","Duplicate") -> Unique | H325: =IF(ISNUMBER(SEARCH("HD",D325)), IF(COUNTIF($D:$D,SUBSTITUTE(D325," HD",""))>0,"Has non-HD match","HD only"), IF(COUNTIF($D:$D,D325&" HD")>0,"Has HD match","Non-HD only") ) -> Non-HD only | I325: =IFERROR(LOOKUP(2,1/(ISNUMBER(SEARCH(Sheet1!$A$2:$A$100,B325))),Sheet1!$A$2:$A$100),"") -> 0 | J325: =LEFT(B325,FIND(" ",B325&" ")-1) -> Christmas24+.uk
B337: Cine Estelar (3124).us | C337: Y | D337: C | E337: 53 | F337: FALSE | G337: =IF(COUNTIF($B:$B,B337)=1,"Unique","Duplicate") -> Unique | H337: =IF(ISNUMBER(SEARCH("HD",D337)), IF(COUNTIF($D:$D,SUBSTITUTE(D337," HD",""))>0,"Has non-HD match","HD only"), IF(COUNTIF($D:$D,D337&" HD")>0,"Has HD match","Non-HD only") ) -> Non-HD only | I337: =IFERROR(LOOKUP(2,1/(ISNUMBER(SEARCH(Sheet1!$A$2:$A$100,B337))),Sheet1!$A$2:$A$100),"") -> 0 | J337: =LEFT(B337,FIND(" ",B337&" ")-1) -> Cine
B343: CinemÃ¡x - East (846).us | C343: Y | D343: C | E343: 40 | F343: FALSE | G343: =IF(COUNTIF($B:$B,B343)=1,"Unique","Duplicate") -> Unique | H343: =IF(ISNUMBER(SEARCH("HD",D343)), IF(COUNTIF($D:$D,SUBSTITUTE(D343," HD",""))>0,"Has non-HD match","HD only"), IF(COUNTIF($D:$D,D343&" HD")>0,"Has HD match","Non-HD only") ) -> Non-HD only | I343: =IFERROR(LOOKUP(2,1/(ISNUMBER(SEARCH(Sheet1!$A$2:$A$100,B343))),Sheet1!$A$2:$A$100),"") -> 0 | J343: =LEFT(B343,FIND(" ",B343&" ")-1) -> CinemÃ¡x
B345: Cinemax - Eastern Feed (832).us | C345: Y | D345: C | E345: 41 | F345: FALSE | G345: =IF(COUNTIF($B:$B,B345)=1,"Unique","Duplicate") -> Unique | H345: =IF(ISNUMBER(SEARCH("HD",D345)), IF(COUNTIF($D:$D,SUBSTITUTE(D345," HD",""))>0,"Has non-HD match","HD only"), IF(COUNTIF($D:$D,D345&" HD")>0,"Has HD match","Non-HD only") ) -> Non-HD only | I345: =IFERROR(LOOKUP(2,1/(ISNUMBER(SEARCH(Sheet1!$A$2:$A$100,B345))),Sheet1!$A$2:$A$100),"") -> Max | J345: =LEFT(B345,FIND(" ",B345&" ")-1) -> Cinemax
...

Sheet Sheet2
A1: AandE | B1: x
A2: ABC | B2: x
A3: AMC | B3: x
A4: Animal | B4: x
A5: BBC | B5: x
A6: Bravo | B6: x
A7: BritBox | B7: x
A8: CMT | B8: x
A9: CNBC | B9: x
A10: CNN | B10: x
A11: Cooking | B11: x
A12: Cottage | B12: x
... A64: Warner | B64: x
A65: (KMTP)
A66: 00s
A67: 10
A68: 10.au
A69: 11.au
A70: 2010s
A71: 2M
A72: 4
A73: 40
A74: 40+.uk
A75: 48
A76: 4Music.uk
... A1978: Zoomoo.us

Sheet Sheet1
A1: Networks
A3: AandE
A4: ABC
A5: ABC News
A6: AMC
A7: Animal
A8: BBC
A9: BBC Four
A10: BBC One
A11: BBC Three
A12: BBC Two
A13: Bell
... A124: YTV
